tSNE1,tSNE2,course_code
3.1445154207399413,-4.393959560277464,540200
29.21365530211224,-8.354003888882948,540210
3.0949503854424196,-3.243370388062567,540220
15.391313901183858,-5.556032896719494,540400
5.52315059338853,11.518393672860043,540404
13.468090368471831,-20.798949376238472,540500
3.6568439377833344,0.16084485590418238,540510
13.401757558818437,-21.218565935934404,540512
9.115709137663517,-14.124483545841011,170010
4.1305223623598915,-13.15518974789429,170020
1.4309160682835163,-15.793407411124935,170030
-5.743390611928929,32.611337136515026,170040
3.4110014477829584,9.483986461903873,170080
3.397259413716282,9.442055760037023,170090
2.079344655456065,-10.933982074819978,170100
1.8305783856912647,-9.078490844545962,170110
18.886071240036713,-13.273695470003219,170120
-5.802193798216856,32.51873468357283,170130
-5.940717059501156,32.57317145394245,170140
10.478503689317277,-15.723728965793947,170150
11.009746123077687,-17.265580120435168,170160
17.889788557111196,-17.7318469705501,101000
21.99958358145733,0.2026862669372108,101104
21.961881328178116,0.11126152146010375,101107
14.799115571149557,0.32389600772023586,101108
18.4805348084963,-17.47868877256212,101113
-20.157179644530945,-0.4154942286763875,101116
19.923515487005133,-17.48731661983468,101120
22.83531267499259,-13.754214130819165,101124
17.919354100810946,-17.679893671846788,101200
-4.025756312029463,26.847178275241934,101220
17.898465088278034,-17.706951401266938,101230
21.337242035948456,-3.523827986686742,103204
21.977502373765827,-0.5056437591449472,103302
20.55522372204366,-1.6310744999644549,103303
11.760741568633282,5.420403333525935,103304
20.42060228677297,-0.7313507022768436,103311
29.211228349298356,-8.808438914501217,103313
22.454166054439344,-0.5350985654438435,103315
22.16575902294344,-0.7772801621019614,103317
22.15382915997794,-9.455425535907786,103318
0.17578725355005456,17.166390096370773,103701
0.6136201537774691,5.105038742106239,103703
0.8596579414577072,14.407144655579826,103706
0.8806638774131936,12.317728847451807,103707
-26.92782541053331,8.51569193931531,103708
-0.6228430126879572,14.287937775638575,103709
3.651516699508621,13.648287619774315,103710
-4.713076630105143,15.280643367536864,103712
11.39991452209539,20.356249488002625,103714
21.34036783238088,-1.0167590991037438,103718
3.8326612329912333,21.35240654105262,103719
-0.07431162663358569,-11.09145169615366,103720
4.476525764202373,15.687400093398795,103726
-2.319190360632619,13.346096335508703,103727
-2.3335539221432744,17.020593121277997,103728
-22.631358651586336,12.7142170150333,103729
25.284681774814068,0.6769115943170144,103903
23.6288403957073,-0.10965327352885207,103905
8.562491406254084,-23.75750226846999,105501
-0.021859902277159005,-11.01367315751888,105504
0.808264028577018,-10.406645597905515,105505
0.27476229045562645,-18.396021175993376,105506
9.656357823115401,-22.502731971326746,105509
6.9861635471139785,-25.91952221518573,105510
2.346052696459876,-23.37170101260563,105513
1.581544696573397,-19.564269032926752,105514
7.625148035309806,-10.962995814619022,105516
7.937897125746785,-24.891121592661676,105527
8.688093033320113,-18.32507214535638,105530
7.705357939170202,-11.098636615493396,105707
11.40070874098394,20.341881628175162,107000
19.874117384290027,-1.3229960311935824,107001
1.571836624624816,14.268909870724059,107002
8.433723828398147,18.482344564430253,107003
10.687589409772297,17.21506700430065,107004
26.931533157829307,0.0298684804694718,107005
27.009927816528194,-0.015299438732096169,107006
11.40290682442405,20.347783758032577,107007
-6.14537133312515,-19.816270411297022,107008
11.063161968561731,17.082778216026465,107010
20.78124214336982,-8.463487786023572,107011
21.43894321238683,-6.450135172069761,107012
8.878454138344317,-18.311509335042967,107016
29.13249550965549,-6.583101971880816,107019
13.458104185276243,12.423440861104865,107023
15.48001341714707,-6.007123278248791,107025
21.53435441541854,-6.494036837473763,107027
21.123042950204322,5.341487398699191,109920
3.1046390974412508,20.749653621236487,109940
7.2323515920365855,-8.556629245452383,109946
1.8520236092979439,-28.15852169522171,109950
-5.940121731453517,-19.903671792829318,109955
2.778897652801001,20.82721992527468,109960
15.541903484883436,-1.474970851975227,109981
18.754759611819132,6.449511477912165,130015
17.511239279426242,4.928921229357872,131000
18.04129889288458,3.7272568684341114,131003
20.410790089693467,2.655570629349742,131100
16.103548142476917,3.9692076676509402,131103
6.16247890203089,-1.6423077929453722,131143
29.228801089549865,-7.965661713007857,131150
4.050019673748922,1.700475568325962,131153
17.468488871455687,5.267726948609955,131157
24.56311901355468,-3.7332106376985186,131159
24.777452907462173,-3.230996138885633,131161
13.844120024472561,4.073573513622835,131163
17.996913367629762,5.256240204933779,132005
1.5364020354615149,-1.9155392945126641,132006
18.97125085729155,5.872714820416803,132105
18.685004942922145,2.9560633106242986,132333
1.5708262420955328,14.996085466286937,133003
3.4060944284633177,7.626897296289362,133203
18.699618582983447,6.0463151340633265,133303
2.339000091606846,-2.878264253511827,133403
1.839497231576354,-3.147884313927449,134003
-15.955133702334383,4.445042298355252,134200
4.220126159519813,17.038678650738973,134300
1.75318852085845,-3.1969048711493477,134403
-15.12599771775311,2.9026203446895593,134454
-22.18506647543045,0.22807921685230848,135000
-24.93571447259106,8.865288078550073,135005
-20.70824800641165,6.032812749323215,135700
-20.735989258174165,6.0436517002708134,135705
-17.595195024913064,5.515176893633325,135801
-21.8417179617543,6.5327264415578306,136063
15.477151100502708,19.857796277303894,137004
-9.567921316328103,-17.009995847299606,138003
-13.826023810516077,-4.889500419598267,138200
-5.6637849032616225,-9.068627607478962,138201
10.225262489274423,-17.282427090413837,138302
-7.375735917817089,-25.677575083845024,138403
-11.366073713361596,-26.427906314515667,138503
-4.451208926294501,-13.396029021397727,138600
-14.847779423158112,18.575164572176867,139103
-10.644371822112934,25.956864829991414,139104
-7.9600096611056435,29.879613637482578,139114
-26.509444800423296,8.134668827168428,590120
-26.625737469528254,8.270953610109984,590130
-26.863278494864655,0.3145508575589279,590140
2.269921459224266,-27.449898329142506,590180
-21.75656309960824,11.596167927267826,590281
22.00253990226342,-15.874462291760864,590290
2.5442905345309805,-23.361128134511414,590350
11.52661102258759,-15.801632920198857,590360
14.849543712373597,20.35494195066515,590381
-4.7536260906384795,-19.660979680799027,590400
8.842919786830688,-16.578863823018338,590420
23.136043557380827,-8.438745004700504,590440
-14.646676595121512,-15.169506391673313,590450
-2.5503584074995613,9.974194147336954,590481
-5.642901772901188,13.116198434886694,590491
-5.169442058286119,12.553614828898187,590501
-6.998312688060287,11.035374730491903,590511
-5.311338521738465,12.756337906124324,590521
-5.449917072255715,11.292981685636033,590531
-6.054809328153847,11.301258985470072,590541
-3.5763626071923813,9.29797876051565,590551
12.613018331898362,-21.48595762800205,590560
-2.2389083851763067,13.353563166632227,590561
-11.297707064415297,-15.803549489316023,590570
-3.205621405265706,14.33072201989573,590571
-5.953390449724765,-21.056853050064156,590580
7.895447758723417,-15.936396875229756,590581
1.7110594827022287,-9.580483682037725,590590
-3.8022927168895913,11.405988387436942,590591
8.608734191132761,-23.45380969059404,590600
21.7541094374441,-5.135213305914512,590610
-4.593097218117267,25.406700650702064,590620
-4.65734112797842,25.594061361433987,590640
22.804919964474287,-6.750550222994604,590650
-6.323194531527486,28.37759709917379,590660
24.82070757093804,4.784328467667836,590670
20.476944566635044,1.4690229846573384,590680
19.73223913922577,-3.592360310372826,590690
3.19690949141531,20.571040751513934,590701
12.932227650691901,-3.5474687925244712,590721
11.234809362198538,-16.501568083683594,590730
21.69578533759672,2.862393467879057,591020
-0.8274170273429179,-9.76105883309933,591040
6.054642890634976,-22.27431544351348,591050
16.373372816911225,5.186649228760358,591060
-0.8054984500635642,-9.662353305610562,591070
-26.399028913009197,8.067959446920566,591080
20.230844779304647,-17.12080821053861,591120
20.234413443261946,1.0413557932784678,591130
21.645082758490574,-16.135549096352133,591150
21.778508560909525,-15.953220002815346,591160
12.210582992732757,-21.2506322300088,591170
-11.123158697046936,-16.2421329523626,591190
-10.137821339931124,-7.900995684606687,591210
-26.168070573783066,-2.709671423236871,592060
-25.578331360370953,-0.6506750401953179,592070
-26.536205604178413,0.06850702169240816,592080
-0.545316786825869,-10.118101174095369,592090
18.938590953254554,-1.9243515810872096,593000
-12.896209946674917,5.073196811065261,593010
-5.962987341012327,-19.851402308377164,593020
-3.7583457811893988,-16.477805630723147,593030
16.402610457130706,-12.570288537041252,593062
-19.42526795083219,-16.849602484425485,593090
-31.733107056478307,-5.966823979366412,593100
-6.259082422936123,-15.213622678108033,593110
-0.8010319502738708,-22.86286110284699,160010
2.2409031860606254,13.741829142967617,160020
-3.8424985205653113,10.2639930904276,160050
-18.622113015324285,12.427835487822913,160060
-20.426955098949197,9.455502809627196,160062
14.277808667875979,18.745615930792333,160081
14.730900924053946,13.301528714288892,160082
14.648936793259923,17.00873084487839,160083
6.570551098621393,14.115001065825853,160101
14.141329788411397,19.485644945874363,160111
21.58487101880424,-1.9721767037935618,160121
15.803654492179437,17.305755362492608,160122
14.757250264191267,19.08952920903718,160123
10.897774531626228,18.365350124340587,160124
-13.376793567306013,6.796341050366948,160125
21.921798370615065,-1.7593457932953107,160131
1.0141907882253376,14.596899632237312,160152
-20.544994633731346,9.536501155831663,160160
-18.59947010264329,12.43599928386853,160170
5.228655781776187,-17.868348334688424,160191
28.20578414019414,-6.044297044400701,160192
-32.499780684558445,-4.834040856424759,160221
-32.185663568515174,-5.001735500642656,160241
-26.628616201798557,-3.3628025275168842,160301
-22.743085855112415,-1.392756177087697,160341
-29.035954722619437,-5.166940758788255,160342
-24.34938810242086,-0.44977891353589344,160343
-29.73900496147748,-5.4504178839874,160344
-22.810610054471663,-1.4706169274064524,160345
-23.528033733720903,-1.1714933778658607,160350
-17.762988819639503,-0.9681726796526234,160351
1.241549145638851,11.758142830769946,160360
-9.702260936125457,-19.023586903491356,160411
-16.22944523269106,-16.521070898698376,160431
20.906416630908463,-9.27617352201705,160461
7.737358693408194,-15.860239284866987,160471
5.9921817199562435,-20.077582405896024,160481
-3.5761583318248107,-22.926536909707234,160491
-20.107445874765446,18.82846932746497,160521
11.72713887348657,-20.76370055315134,160531
12.084509284889323,-12.05601128624982,160552
8.637542893978022,-16.62181883256331,160571
-31.00421760609155,-4.756220455156622,160581
7.386466772963962,-15.802419075179678,160591
8.23138700007272,-17.284658991231275,160601
-0.733524217328665,-22.90767382096219,160610
-18.82867514429134,-18.445222918055588,160721
1.952893141891754,13.674959253216032,160730
-18.36769616571151,17.82828949413316,160811
-8.503666040460985,30.33213999997445,160821
-7.730435683409901,31.35371052856241,160831
-20.102430765543644,18.80264586363702,160911
-16.4963733501071,-0.8655634641307204,160913
-15.42752157372918,-0.58540461775660535,160914
-4.696185283452648,-19.657828062521784,160915
8.504861420350077,-22.18443699094116,162511
20.335211573627422,-2.2706441876276315,211004
-4.637268169286149,21.461437052499726,211337
1.7136501035495801,26.82369423661939,211338
1.0369210422250381,8.582277483445253,211804
13.059795141785955,-6.3106643878782185,211890
11.803188094760536,-11.877545835083076,211900
27.70908207588686,-5.166269885508223,211910
13.534689116140543,11.890476343529876,211930
14.685884364800806,3.0756564990279136,211945
25.477700589181843,0.40182905209277403,211955
4.044357989944354,14.076583099092176,212010
0.5249795934356657,10.643627461937282,212011
-2.1037228389326383,15.677075032383343,212190
-0.10763546661762752,9.003237626901031,212211
-27.033506426276865,-4.477229685212408,212257
-29.31083531744339,-4.140500987904387,212267
0.2796134202936452,14.497572633048208,212700
-20.84693939088044,15.926352147275372,212717
-22.662902277819004,7.747962997124459,212731
2.5850970704523175,0.06055892403445428,213021
19.99607249976912,-16.95458640815295,213091
13.786847997368952,-0.45061035204191846,213160
-7.278432947986293,-0.23585873269282326,213204
2.4731336303123417,-12.630748392831679,213267
15.856925405752426,-9.249848698901806,214010
-19.826527237379267,-18.644978916943927,214024
-21.253123898832104,-18.505520541961904,214044
-3.9262775321715946,-24.587302503421782,214064
-7.569843833175269,-14.394547420921914,214070
-0.7615759643451752,-12.47069488924095,214087
-2.303840147092183,-22.04489319885973,214110
-2.7584103030194873,21.75726708861659,214167
6.9489531932955435,-26.046004624083928,214200
1.5091313075519646,-22.263773270492365,214300
-15.006458412314586,-14.743261042435005,214340
-4.773615487199836,-24.184379038181728,214368
3.883732195961351,-24.145019880172352,214384
1.1635718159766741,-22.01253883269163,214400
1.0887899323669976,-21.95570395360284,214451
6.1636313254174135,-22.926574212154524,214651
4.433105372171205,-25.743066942640347,214738
4.6842844465486,-7.5626377273420875,214808
-10.451570256391697,-6.243788470626147,214954
-5.357187521164372,-22.3432970656317,214964
-19.848299406273657,-18.709083454714534,215024
5.76838519856879,-4.5581240103420955,215034
-19.72200569481921,-18.600997301867846,215044
-19.840156694081596,-18.705914884545514,215064
3.426135039903938,-21.157465752960935,215204
6.656419485911108,-21.314417029210784,725505
15.568460117884573,6.47708592244003,283125
-1.8963876148422147,8.546007506145886,283126
-0.21734110448808217,11.577043483185466,283131
-3.5717140560935188,9.462709872759518,283134
12.821711986739937,8.643515275079404,283139
-0.27452638814835556,11.579653240611375,283140
3.653704044885003,6.481731289205435,283142
15.668651806604672,6.466081136749358,283145
-7.514568726271661,19.271709152551328,283202
-7.5717699223610095,19.088116761225038,283205
17.761016823528294,6.609755747077204,283224
10.362673052041425,-4.310433793502576,283226
17.265467590081215,2.9691318479725433,283229
17.196542854627996,3.2276393765620988,283231
29.147240484485206,-5.799479204267468,283232
22.32890450855853,-15.151296888755736,283233
-13.589395799311843,15.289312058667122,283255
-13.559479253314219,15.23287008592077,283256
-3.4172399048517765,-5.022910866630677,283270
4.422497763603645,-25.72556483140106,283296
-1.3439544504057002,-18.381990482433967,283299
0.6484812119896279,-5.760001886376559,283301
7.3368563208997895,-8.488732270226595,283305
-0.9838425805287491,-21.33777289605091,283312
11.5112713795032,-20.230486365311787,283314
8.88411019409747,-18.655812301816407,283315
1.81206385748522,-28.121098036014352,283321
-3.7454014759224803,-16.494003885981005,283322
10.317816807507523,-11.933012209042042,283326
5.091030877743717,-28.740894347031123,283327
2.2598928608482804,-22.887455858825128,283328
3.59414318353231,-9.187359864850466,283329
0.6130079456273361,-5.669682222727552,283331
7.235500136354188,-8.518323955349985,283334
12.921587543394581,-23.52659438778189,283337
10.243714297867864,-11.915548413429756,283340
0.023551647610808565,-16.468372130064544,283343
18.07452269924817,-7.391315219469355,283347
13.18371949866465,-21.338228319748335,283348
3.540078439232826,-9.19041615521325,283360
-14.531900449232836,-15.824720209038109,283384
-7.222564826052499,-15.183321120208692,283385
-7.005844545971703,-15.398345383468728,283386
-10.642762248779286,-21.056846474846378,283400
-10.608530319522652,-21.133114864320884,283402
-13.7886543452336,-17.97256454670504,283404
-7.178783632238816,-5.611598914908062,283405
-23.12423175500954,7.27092967949303,283411
-7.046818604050612,-4.630575688086068,283421
-33.74843440120491,-1.142328952873017,283422
-27.101186101242163,-1.3212184967846017,283427
-13.466142070288965,-18.7626989312249,283429
-9.299704798633874,6.36947242641755,283439
-24.433063559664337,-1.0749964046120686,283442
-32.38306554954719,-4.996287264260563,283445
-27.06095251015859,6.223745207865396,283447
-19.331498195564794,7.186460152585222,283461
-18.48687341043095,14.722310648093105,283463
25.771824900159963,11.839353365685708,283510
28.96890815194722,-5.927480758292967,283520
-7.111893895124385,-5.521136347271007,283600
-14.564432989782317,-15.620985551080924,283613
-14.52294593157131,-15.701222811601735,283614
-10.612373887659652,-21.090437261767953,283620
-23.0122663701267,7.144894600009805,283626
4.785326900086351,19.02007940375574,283805
-1.973017223569417,15.171826105957562,283814
2.380019334401823,-4.5609478690779435,530004
-2.158232335457411,1.4695648784579625,530016
-2.4947006842372472,1.3687264338248069,530018
-2.6511888438896376,0.6367548293036023,530019
-1.3254682394019919,0.824954493626004,530021
-2.367896184932899,1.031437146257437,530022
-1.5418059049439914,7.3393488924723815,530041
-1.6333649272494515,1.1765031441060017,530061
-0.30487356221362405,4.111736924214333,530080
-1.3500203065138692,-0.05607183348059955,530121
-2.5626101434298416,2.731395614599764,530501
-2.5890096044050885,2.6682610646114444,530503
-2.942552726907076,0.26927657711892927,530504
-2.350414544442534,2.772653583450619,530511
-2.8334315892350475,0.4388909778842446,530519
-1.0342067479333628,3.8186809133070527,530520
-2.276586389603601,2.950158487853713,530531
-2.1819554597995667,2.633083625742894,530541
-2.216366300063262,3.0942231710678945,530551
3.0671920287051044,-3.7835287012992245,530580
-2.5688144935702355,2.80820701171532,530592
3.5884226068325114,15.600686811199916,181030
11.713278384372934,-15.687173408424956,181033
2.9021785778000435,16.70553355460484,181035
1.8168878314983974,16.92744752981394,181040
22.622571782709223,0.43160658541784114,181050
27.266833435885356,-4.6751371193682445,183010
18.735830965014607,-0.7448847821471974,183011
-21.198864872920048,-18.48015661928635,187025
20.055633998840577,-17.282060846746678,187031
-14.736958351190703,-17.41174840564397,187033
-11.26507960503804,-18.96164197432405,187047
-17.681953741492375,-18.920842914395518,187049
4.637629305241862,-18.444391803961157,187055
4.730951032960511,-18.34656464308348,187065
21.6929321953277,-16.57676062995393,187081
-27.665105052428906,-2.47681718047384,187400
-26.70611211484237,-1.1914776301400143,187402
9.687731816314727,-4.839004185558936,187405
-23.122541238883336,8.833570457770264,187410
12.97658758114225,-23.620270465411696,187417
15.42077946475422,20.283300957085242,187418
14.35434326894778,16.69901314835539,187420
-7.100677678589135,-4.492613653592997,187480
7.984294062467693,-24.769075844201733,187481
-3.286401428273362,6.280661068852415,187482
-26.53929936220951,0.8517290663193675,187485
-4.818766198677767,-7.228613854970667,187486
-6.7669763096809445,-15.857155616598565,187488
-7.433960540121927,-6.234073988351641,187492
5.80072798433902,-23.133388837016994,187494
22.531621852100916,-10.772896047651333,188033
-5.10834213407122,26.55788169672971,189915
9.945464546987749,-4.5902705304402325,189985
9.934182664323641,-4.6237343828246535,189990
0.3194580185629599,5.399049988170644,196000
-1.1388705499422045,12.087290224758826,196100
0.4645743712805691,5.371965301081103,196105
2.636228078663859,16.401997540923798,197445
-7.222246479673716,-17.927328024235383,197450
12.797147247339423,8.67534021099266,197460
19.145169627228846,4.5262037173769665,197470
-3.461276761805316,21.341185323314047,197500
24.75108159231716,-3.2957760886227514,197510
-14.822809913445315,-17.96283919198142,198001
-2.7209276102008992,17.29577664517403,570110
-22.611956654475225,12.67660338979719,570125
-23.227766133994066,8.04418874305427,570130
17.427044049969663,1.0433961070038753,300101
14.837166246805475,3.557787372558299,300103
-3.5761118595684853,-5.335641008191126,300110
18.109895669435005,4.5554509702655155,300113
14.501338600619171,3.8934264593658456,300128
-5.697641549649454,-5.416186931833744,300141
-7.2587527559989224,30.536629663265085,300148
-11.254335810810694,4.43839943696052,300150
-6.994147684792142,22.5672562959689,300154
13.345882349806153,15.684134823037503,300160
3.46719730241049,12.696404537217996,300202
0.7854138220861231,11.014825400634106,300203
-18.152028112020982,6.373182970418197,300211
5.780454189848567,8.678246270242838,300215
0.4943577407603553,15.844548400947843,300221
4.0044257642331464,13.512205276435859,300223
-5.810142076362521,19.408284400932413,300226
7.781666041522374,11.634076895592063,300238
7.850714757406597,11.534482360787676,300239
4.4880820443192295,-17.545929731909432,300412
14.252308385337471,-12.266106443945587,300423
9.86727779570912,-8.94358615634305,300428
9.875677451172969,-8.9615354385081325,300432
3.346798902467745,-18.332718721356983,300435
2.6046673762345693,-13.345407746519175,300436
-22.911035483378537,7.904663724057676,300540
-20.343725645162607,16.4796817354397,300542
-7.623546295609669,-14.000808589015197,300549
-10.444509593543316,-21.90774098633633,300555
-4.9283510795163,-24.61084937297003,300560
-7.211832711155212,-24.493402980329932,300562
-20.123459504054175,9.10623129139188,300568
-15.214179519561023,-17.384946491179434,300573
-20.998196656093135,-5.50335738461985,300582
-22.366106163583705,2.249514117926779,300583
-26.406585394526427,-5.632306362392821,300585
-18.067456605220812,8.584382206116429,300586
-21.9351586636984,2.7929079656866262,300587
-5.015678991281245,-24.155198851861694,300676
-8.25075424540136,20.00441387927373,301003
-23.574948335556396,10.951209323332986,301006
-24.487349326418823,-1.5532968990101161,301008
9.219115676686087,-2.6748645941200375,301020
-18.263926393114836,6.17619356081478,301032
0.26111742452694886,8.76076938321427,301034
-1.2286145614843444,14.041295649802366,301036
-27.044824091772583,6.279427803553981,301038
-20.923839900586085,17.041472830952713,301040
-21.068280066297906,16.42172168812787,301201
-23.00516726444906,14.897904215027927,301203
-22.99026206116541,14.982205664041867,301205
-23.00189887302557,14.99077365365035,301207
-15.971152821718396,-6.291375312073565,301209
3.9243508872072,16.888132675649018,301211
2.686646950698666,16.78461325765059,301213
-0.8659127391251223,16.55005683748734,301215
-15.323560171075144,3.2126310002262333,301217
-8.483509142904191,20.04114599925013,301221
-9.279730259777898,20.53430137244892,301223
-23.871639602011548,6.685264630011422,301227
26.45635786296066,17.200830973168976,302102
27.384970028194886,15.873464566858132,302150
26.09172894821626,14.427375945724014,302160
25.445123654186364,14.470599251206423,302161
24.92934878430746,15.0329734332193,302162
25.666496517600603,14.508440055136552,302163
24.994190080245755,16.66422076237408,302164
26.890095723384608,15.4936815475389,302165
25.20550362139927,14.319691739858023,302166
24.338961296448588,13.670073169184201,302168
24.838143741673818,14.633780954209634,302169
26.149181821530565,14.358644450122576,302170
26.718589643358946,14.261148076170244,302171
25.759858321221795,6.5748912733742095,302172
23.899591217338624,16.115612532688303,302174
29.880931403388296,13.896384964527462,302176
25.392910870837568,14.947893626126847,302177
25.369935493523947,16.09944013331548,302178
25.844885755824063,13.56170996413795,302180
25.79460819425594,14.503921391162761,302181
22.431043260126422,12.729492537078071,302201
24.984452684076,13.120622115281346,302202
24.158479431718593,13.230231567695839,302203
27.16118420152956,13.076817472142116,302208
24.219655993825285,13.135886431705256,302210
-7.212415540198386,9.320472186751926,302222
-7.230190038293222,9.296081043676704,302223
25.73879559158357,6.536067737575196,302226
22.345493051217577,12.79372392396397,302231
22.431323243148658,12.690207692470734,302232
22.596907236683823,12.73162597539402,302233
23.278447005527426,10.700150708773807,302239
0.8914923563034641,-2.8601177004776086,302241
23.291135871869617,10.579066027152432,302242
28.158574443765538,15.57829500325306,302251
27.121592943281534,16.739809635467175,302253
28.683116687251747,14.888038245100093,302412
27.227518850261674,13.390871555308816,302413
26.66606392120753,9.277273351917989,302415
27.008087821286882,13.28585788539577,302416
28.313505221856445,15.264587246136868,302417
26.657334779082664,9.236013833491732,302419
25.705487045478446,6.41303686691874,302432
10.429276129282544,-27.79383409768155,302435
10.428422852528751,-27.797331971993184,302436
10.389228776309775,-27.770186342477945,302437
10.429530659444772,-27.787304843743843,302438
10.443189662458872,-27.793312965181002,302439
16.403224427670885,-10.31041465383778,302440
4.498669871486028,-17.003900033681504,302441
18.385123567511382,4.3632173800718,302445
1.3067417317385808,14.660705416211947,302446
28.348078571789898,12.119427382180394,302555
25.402309441576396,17.24798457692464,302556
28.014320651642212,15.686803727388828,302557
26.354616829673244,17.220770893024405,302558
28.31202428928025,11.095533025724968,302560
23.776709214489888,16.451039369735362,302568
23.982355861653243,16.83603534521994,302569
30.25745847608943,13.591483641789267,302580
30.03221265321677,14.06390181918942,302581
30.309939059079856,13.668914128867332,302582
30.25444664975496,13.70021712696862,302583
30.132880332581227,13.718137638935564,302584
-11.300925803231761,4.459039840724725,303101
11.488683924046128,5.696780555774179,620010
-17.16436804502969,17.045853166664735,630010
-18.45508670537385,16.847764469810272,630040
-15.070041371852993,15.360862483007082,630060
-14.723209527492184,15.763731633119901,630080
-17.48319851156339,15.707328217757343,630100
-17.44741246252549,15.724612395347416,630110
-18.485109027071577,16.88193006791014,630150
-15.067652368447233,15.359573616116569,630170
-17.30974871074147,17.432061257629023,630220
-14.74836967841644,21.19508217406183,630230
-17.58490718857326,19.594748263787217,630240
-19.512294381827356,16.140285316608708,630250
-8.18355484059462,22.77450658103112,630260
-16.805329953355745,14.46744753994014,630290
-20.185204242483785,19.68335976464643,630300
-7.565556623953718,29.41789779599304,630310
-16.210226052883474,14.779598054722904,630330
-16.096222019721477,15.094115198399772,630400
-15.973745777326613,14.803167208291576,630410
-16.273584879797326,15.542113020496831,630420
-15.900356955335127,14.921586490024312,630430
-11.948248195700586,19.516194817006614,630440
5.5255574679360695,-12.910949097275193,330168
17.624949411811397,-15.186519552707717,331113
17.398067159603386,-14.659406547484561,331115
17.50782351217842,-14.8833237846915,331116
17.441204043400013,-14.737248259642078,331118
17.413848518705553,-14.654025990553194,331119
13.714556372202654,-10.382552234785267,331120
9.592990996824494,-20.33083281222082,331158
9.31040420014652,-20.298208691752155,331168
-0.898632965976552,16.05644395096228,332062
-4.571979678678188,15.563172792845792,332063
-2.96015588597205,10.560671391420144,332064
-20.214286842428688,10.849862805634325,332161
-1.2965036066900313,5.671455628932835,332166
5.346373695754223,11.707261898818047,332168
23.085472483953865,-6.985457290680185,333012
10.747759265378003,-11.954410903941916,333013
-8.048470079376424,21.191948326733723,333014
23.206520329936083,-8.404276543404858,333065
13.051819637556173,1.8041783268858567,333100
-7.338433549342767,30.615399048054588,333101
-7.361392656109917,22.800533470392974,333103
11.436537366990706,5.837894160239231,333110
-14.341540433091948,-21.066500210815722,334001
-14.316051686843503,-20.720825492065266,334002
-14.374445883979861,-21.152657220566873,334003
-13.148879338398705,-21.608671142585226,334004
-14.494460317912187,-21.545845426841943,334005
-14.382602917284611,-17.24216537407331,334104
-9.067736400400399,-17.162240188479004,334107
-16.055897962196564,-15.190594433302357,334113
-15.935439497933585,-15.667351092077107,334114
-27.352139453252065,-5.69118796418443,334115
-9.729740664516662,-20.72588362246716,334116
-26.431944638978024,-6.125379564456769,334118
-22.496008216598995,0.8679161432409664,334119
-16.46457034176234,-15.992341332134348,334121
-19.72711287598883,1.3658035492250347,334302
0.04903785765786584,-11.025295642072404,335053
12.93221266010435,-23.61936063903828,335054
-2.9839306435158095,-27.79758850878226,335064
-3.0206039493937267,-27.8072048744003,335077
-0.829744226104548,-12.45129044823806,335100
7.549822928413876,-22.641893089336534,335101
8.245312992933231,-13.062177485239031,335113
-0.37851604922720217,-14.859265942195421,335114
3.077535843119551,-14.19090711793925,335115
4.909947776236691,-15.00550253591187,335152
3.4593094264230664,-22.61240606408415,335153
0.9707423784800087,-14.44363245123453,335155
-1.3883595625329805,-23.410172396034344,335162
-6.930945644499812,-25.480040330450127,335165
7.240024531774332,-12.832457868088843,335168
2.7717716901822196,-0.9180857044569523,336104
12.663643190811053,23.823223051684927,336161
0.5206554001844916,3.963816367124533,336166
0.7930622365802903,3.35556993436286,336167
12.676759503622758,23.779369645231018,336361
18.340574231103304,-2.0624734330441044,337118
-1.5205834707499946,7.996313815741205,354040
-1.459665092507463,7.42558180005812,354140
5.46699421681312,-10.681285816124346,640010
-3.520796259125368,11.823308664856263,640020
-7.46072917980599,20.025791686944707,640040
-23.517690979717578,10.723519866317616,640050
-18.024080748565993,-5.463439331496909,640060
-2.1759389739510886,4.271252500346213,550010
-5.47660312398462,7.122722813849131,550020
-3.91928286802172,17.004318249508643,550030
-0.7901046671482188,9.439170517544518,550050
2.725066616141886,11.181824940412355,550060
-5.279419593539983,7.20921527224246,550103
-22.5270037160562,7.01474931181901,550104
-12.15279272008301,15.555781782292682,550106
-12.126068472385883,15.523679477996087,550107
-23.095940419345947,9.201549414283868,550108
-22.992626782031255,9.241956459874148,550109
-4.017133081939919,16.940131292800938,550120
-3.1079559107078656,5.11726599519779,550150
-5.496316522769904,7.768267299322351,550160
-20.490983481708096,9.210439371257209,550170
-21.168826579057782,8.843503291772716,550180
-15.175285507731422,17.06741967307497,551010
-12.4379060604544,17.277927754125866,551020
-15.327883557796737,16.87367823517467,551021
-14.019325003906587,20.64116424452483,551022
-13.774162371730995,18.12771305445254,551030
-13.1428684232499,13.9847688780114,551050
-13.659599683355921,13.901534052802864,551060
-12.43812513000439,17.18525065719966,551090
-14.348671628181279,17.139263445479035,551110
-13.742657618967769,13.663311232688745,551120
-12.472186585041989,17.214464646301046,551141
-13.914405895586516,20.58956730230313,551142
-15.650055671220112,17.04932305867912,551143
-13.801786329709925,17.28204776634752,551150
-13.735906057420426,20.642668200778978,551160
-17.263508784593856,8.710388782739141,551180
-11.962503282862574,14.470270457216552,551200
-12.708852903644381,16.801417704260587,551210
-12.234711085686843,14.887472900928042,551211
-15.815079354360678,18.84637433688505,551220
-13.945853744818978,20.633655342717816,551240
-12.829828569682872,14.25768824676315,551250
-23.39960637643457,10.000413575578643,551370
-16.911454565081968,8.375047796911923,551371
-2.1420646636762775,-24.95320757910605,552052
4.660113844697932,-13.760734037222605,552053
-2.1763844694118317,-25.273553546890092,552060
1.4891979062940894,-26.375432932955174,552100
1.422821477766457,-26.520753280011373,552110
8.276220634419461,-18.060188982361247,552130
1.4606352259561604,-26.242497605639706,552181
11.555987193481416,-20.19128940209273,552190
7.741215349325596,-18.595475284678585,552200
11.464654555305016,-19.377052613351,552210
11.493819614354962,-19.612635260532098,552220
1.8843771933504074,-9.438066263929409,552230
-22.04836783317328,7.8457082296325025,553011
-2.582067873058699,8.40318559967428,553020
-2.8701111793076737,8.138906583192904,553040
-1.420263420425515,7.35470047167475,553050
-3.024640886679185,7.806798128271104,553150
-1.433358679151414,8.31873719004757,553160
-1.371055405809753,8.93622860041046,553320
-6.426811418977519,17.83745456026891,360005
-10.898573447908415,-22.538614293332756,360030
-17.36489843575754,18.413967021589656,360035
10.261324619322036,-15.422400184080676,360045
22.276160600509435,-11.71966027865536,360050
-30.934520273008168,-4.352348992098916,361125
-7.032335999815152,11.050890505849141,361211
-2.2682168225794745,16.84694028311141,361216
-1.055904791793545,11.027504502999228,361218
3.788187656297217,19.363969435914182,361227
3.5558665820022513,21.01317816516704,361228
4.609851668948755,19.17001421582397,361229
3.086675471261065,19.960430997447485,361230
3.8548634061715834,19.31603102939754,361231
-3.628261061759428,9.097020859908298,361480
7.564280607733279,8.927545482569862,361522
29.20158006543363,-8.591457995690577,361523
3.2530192979525268,9.28749634444653,361535
12.931366167417833,8.557193061584698,361663
-0.12383461070300829,26.82526835022659,362004
13.954619953866406,4.930323801235556,362005
-20.02358550852927,18.630698112021648,362006
-17.700867063877652,20.469976474916297,362007
8.289950769487495,18.490487721197308,362008
-11.368279633997414,12.595782641405712,362107
-24.681600439025495,10.574463035648,362108
-16.15515658175225,18.29423048690704,362109
-6.430193900239803,17.853796217578722,362427
-7.2934799105873385,21.722119871283336,362428
-6.424795072939243,19.973088675406288,362429
-3.177130458941428,21.59411848321989,362430
-33.77631942420836,-0.3827065479672743,363004
-33.48949714668882,-1.344253296804093,363005
-33.7042166197829,-0.9720372548879961,363129
21.783784926795125,-12.127888955999973,364003
22.29888821678137,-11.559863945245286,364023
22.261025509078845,-11.502388961062154,364024
18.80230718658366,-12.665223446524406,364033
18.606959531825247,-12.827116800514892,364044
22.17008400988661,-9.907006627577504,364053
-9.519534602341569,-16.29552031234184,364063
-25.468190169165553,1.5366259857161249,365016
0.8566231365989756,-27.443884528442233,365063
12.020615788457892,-13.493504211347808,365101
-0.13642283011432754,-14.2061838774914,365113
5.0983617893049855,-28.734263420233,365116
12.6835648682702,-7.744273559024988,365123
-0.11754865030309564,-13.945798940337305,365191
5.2266300613641095,-21.518283555790152,365266
-2.002414942559818,-22.221728071176962,365273
-21.482300808742156,6.960257953641944,366003
-21.920831504652273,8.419593396958438,366043
-21.785519653738056,8.59536821735153,366103
14.968972421226216,18.30601677658043,367004
28.77295678558201,-4.3111520838850454,367035
-14.431141199994517,-16.793734020435565,368023
-0.4144892726090364,-20.02843407696907,368073
-3.947489620794574,-25.23616094008764,368083
-5.657019107390755,-25.06493494085973,368093
21.345952003186333,-1.6821244815662084,650010
13.447319361748155,2.0901223095542325,650020
-5.646226973503923,7.046582249834964,650030
0.10311540098286352,14.642406446633684,650040
20.84532546898561,-2.0422047496457005,650050
-6.154548885674932,21.86433821054113,650060
21.42007295920506,-1.6787065299202073,650070
-6.402454231688729,22.73175691571043,650080
16.285042323456018,-3.878358401493951,650090
13.855388108402648,17.93603878719441,650100
13.871677421086059,17.948915637445833,650110
7.142378349573437,-21.98032869747501,650170
24.71876203154647,-0.6238965329572338,650180
15.800174097135796,-3.7876062634534398,650190
25.01570428730751,-0.10297547687161737,650200
14.860140997741814,-11.289176338598914,650210
16.468869856220476,-10.371632929782669,650220
25.07771871062436,0.06357917900080645,650230
4.13070294389593,12.602768583989675,650240
-5.158544638377203,18.173789852207115,650250
-1.7410305295878274,4.3413462464161165,650260
-5.067363394067179,17.820260579340115,650290
16.533745105453402,-3.0295824763254235,650300
-5.462128350745783,19.01773643912465,650310
25.383888940042088,0.5209538247340392,650320
17.52318672355816,3.57364293587049,391601
15.426928102713159,3.6506046330286517,391610
-5.6284603441802465,22.867898514341647,391640
-6.0540456228142645,-5.318280926029815,391647
19.345686736034395,-4.787151144529897,391659
27.975739374722306,-5.381012019007046,391660
18.354596761054843,7.229911859900062,391677
12.665693014054135,-22.565269703880432,391678
-5.05228236516938,-7.76043961406525,391682
18.738101511507725,0.02427646403381001,391753
-8.433722930518675,-22.302957946457834,392603
-21.580034536180765,-10.883205160626284,392606
-8.360097473613559,-21.94004414724845,392607
0.4377582170222396,-14.125400113418378,392609
0.2536278193573388,-14.624957291321973,392610
4.428372498527972,-27.62069611565909,392612
-25.407665116480253,8.82882551041939,392624
5.690860783704096,-4.750250696157763,392690
-6.763248392166624,-25.722781467205365,392692
-8.59715655431002,-22.719074129563126,392695
-18.580851016090644,-18.5018461763722,392696
-7.763400284797885,-18.114577683984404,392759
6.9187246932511295,4.829105725423113,392761
-19.097992915959363,-18.4478208125819,393605
-19.447372092710538,-18.109978977533974,393676
-19.493469897422436,-17.951691845412952,393678
3.5525368511983983,13.402928930966949,395664
5.96764391085413,8.761489789038146,395666
-21.001722513521365,-17.298047204580513,395668
0.6441245506258122,16.710999539112514,395676
1.3558519807199836,15.969070704474879,395700
1.0412731677155782,16.073887589414053,395755
4.80340210713967,-22.75325657644982,396665
17.661047576186867,2.28593808095133,396693
20.283359166349534,-17.095057458453763,396757
17.568791158877907,2.1862985005211963,396758
16.702829374047504,-11.341166428154365,396759
21.274626587987235,-16.634890481594756,396760
15.01535854912599,-12.414979944557878,396761
14.6950849700381,20.591790548896938,396787
-7.417042677498042,30.069948845991558,401604
6.286330335335433,-21.393346976342823,785000
28.556162250627107,12.316181347427579,421001
-7.307339833313608,27.424335717397856,421010
19.59755455112188,0.6017990175586464,421020
-7.087476705433229,26.17394542708136,421030
-16.216962496183257,17.030795972287212,421050
-13.110802246325703,19.0114478887819,421051
19.031404744271068,0.6091947056107764,422000
19.026880441912795,0.7094106565714826,422050
14.140484553077414,-0.037767364268827985,422100
18.633126399590235,-3.9809784450163894,422301
18.452252311686873,-3.6531461557637965,422302
24.739263394224494,-3.181739944856059,422310
19.875638713729344,-6.173035780736846,422350
13.858722822611034,-6.386741463079575,422400
-6.045596724661958,21.474329068149743,422800
19.441511251171796,0.5123587893142695,422810
-14.017355101217788,11.928101349048525,423000
-30.906730986679506,-4.648438547778836,423200
-14.08150945110278,11.88957661235829,423400
-11.989404422914312,11.126183629312392,423500
-6.111802090495457,-5.2485426432839795,423600
0.7769792274684578,15.966968005573884,424000
15.766699773132963,5.847664034406262,424050
1.8367212962125943,-0.46135674367291774,424100
-1.9360691312569118,-2.7762368280581953,424200
-9.84996027576165,8.458956320490683,424300
22.11059649845985,12.737335222551218,424350
4.961423850372645,6.655184997598444,424400
31.05464042476143,12.178350667651186,424450
-20.31847331424244,7.716746967075191,424480
-5.007985716083559,2.742886834706032,424500
27.806207951738532,15.979613222116246,424600
23.226452773885406,10.545194378690493,424620
25.397813568065484,18.182200610013187,424640
-23.699813093997502,-4.589346479051741,425000
-23.46995107680086,2.010346401645356,425020
-19.952540818707686,-4.566983288514638,425050
-22.051041887833733,3.2802852376551743,425100
-22.204942005643996,3.5781699179818682,425150
-25.22687176883107,-8.880039012070977,425200
-25.724930631596113,-6.6951530317029055,425300
-27.113963674049774,-3.7169823812325875,425400
-23.826404313338873,-4.986941945319639,425401
-22.50377196039693,-9.776619138601964,425402
-28.43318266238416,-2.193624962551593,425450
-26.959252618052155,-4.355658088116767,425470
-22.408768057162494,-9.922774648088632,425500
-24.625615609339494,-4.652453002232693,425550
-22.440503015384948,-4.238999483740936,425560
0.8014235735673106,-26.878285490932175,425600
-25.011419405114317,-6.565845758505168,425650
-22.630474236199372,3.9318932469522734,425700
-24.721448839969657,9.604952025496406,425750
-7.933424302426656,-20.55283513575402,425770
-19.974786550155002,7.854461444955574,425800
-17.597694390913446,13.569252629345991,425810
-22.84496911333188,-4.449391408949173,425850
-23.55760385251668,-4.547049577349479,425900
-1.1645956596488933,-21.657572933026124,425950
-23.722400511173557,-4.557278463000022,425960
-20.393707455914736,7.718732102070266,425970
13.741586229538731,16.492728581125256,426000
13.70782866886185,16.573357530803015,426060
4.623955909217523,-13.064118481530558,428000
-0.12956294332401413,-15.609773855935272,428100
9.010214767807447,-18.046529968828132,428200
1.9416034804740137,-25.73199705430684,428300
-2.5867295246402624,-24.36540840753915,428400
0.40613286035793716,-17.75771205229314,428500
0.35222572765093035,-17.49548450238343,428600
-9.003280235124153,-21.55654868375105,429000
-6.996547482270852,-24.88759844486611,429050
27.778327507303008,11.633128520638248,429100
-17.67393418242072,5.353274885975227,429150
28.25185130671292,12.1406606657275,429200
18.650299904694577,-4.017920989441383,429210
-7.24386385926446,27.023264051474772,429240
-14.482767974400092,-5.163064380337325,429300
31.197230783195874,12.197345613227093,429320
31.887306214645918,12.215477435614229,429330
31.317211165032983,11.919034703492914,429331
-9.141703816686459,-21.39737535202189,429350
31.837566732729574,12.483588337762919,429360
31.284906270404345,11.97035559870386,429361
31.1002113021523,12.29248390743488,429370
18.713207442940696,-3.9896351683040465,429380
31.073698122888437,12.212045422640639,429390
-7.273222896689617,26.993488281332713,429396
-12.244721193665262,-9.433366479880801,429400
4.9749317658477565,-3.0213098592794325,429420
-15.486315849574328,-0.6461425986928405,429500
-15.397067551723202,-0.5698680670189826,429520
-12.908812822289189,-18.255558950553432,429540
27.285960558028908,12.283070167005242,429560
-21.875564263583357,-6.825106137195562,429600
32.106752400456045,12.818084901186555,429610
32.41564957159256,12.593246416158825,429620
32.37589541119139,12.565071953985445,429630
-6.501106877263654,-25.11964625703703,429700
-2.3384316852221647,-25.720537017655108,429720
-0.372587796789668,-20.16556481816734,429750
2.500002810886189,-17.032416933111783,429800
22.493412800036243,-9.316473711449685,430100
19.103749285732054,-9.72765519688952,430110
20.611243677535292,-10.519984826625652,430120
-7.828432986033079,-20.871093178891492,430130
12.717020524558,-0.9872258436347141,430200
17.637799787735123,-0.5070602083672089,450001
-5.14818651401712,9.416384465133902,450010
-10.497828978598804,-21.86302118382316,450020
-20.52383661779858,8.531128658733266,450030
-17.13938523669648,-0.9614203924043933,450040
-29.43238283625709,-4.829376018873036,450050
-21.394684262572124,3.1314005493915387,450060
-21.40577926713793,-5.310463427440325,450070
-17.134783592504107,-0.9607360635164344,450080
-8.734347846811394,-0.532956127629434,450300
-29.44074289037794,-4.802537657813572,451050
14.331248334636964,-9.286724545466694,481401
17.255956247302652,-2.2030053494385053,482001
18.22196801869307,-0.28718201857430053,482010
18.24548539274052,-0.33002947997385235,482030
-6.2566862332048885,-25.16115246308695,482100
-5.843920956063984,-25.773960080262135,482150
-1.7966362477966138,11.212922862395084,482200
3.767937588182644,16.80146809629276,482300
0.25824409238196894,1.169368488132679,482350
-19.274089891189636,8.155253650786483,482400
-30.17118332992443,-4.295113894201853,482450
-33.78606806501451,-0.30078050382809207,482500
-3.9771144536279843,-6.071438907358535,482550
-4.022742412615925,-6.019955209093772,482555
-4.194931271643213,-5.845323025863379,482560
-3.964463275411572,-5.930759643401825,482570
-23.517693564043142,-6.908790285581548,482600
-25.83285720883935,-5.117660044003754,482610
2.5305847409093265,-1.0452916114295294,482620
-22.5276675169667,5.15513582542645,482630
-21.894691402868485,2.6968969539657754,482640
-25.923580132742565,-6.065409981916536,482650
-21.06362360225001,-5.632429581153014,482670
-23.289081125892828,2.0832214800043527,482680
-13.019274730499001,-8.433151727572092,482690
-18.15732348157606,8.859000944082183,482700
-22.30039938091767,-10.07325944782921,482705
-22.377707146365477,-9.98294921210609,482706
-17.30494873297863,-0.9395023328843412,482707
-25.22875668693589,-9.08845186930819,482708
-10.237830371922593,0.07117919416708327,482720
-14.778903578391835,-16.30931445533185,482750
-15.15749938767206,-13.871943584392032,482770
1.8117595882213677,-14.071292908439798,482800
1.2794462922253091,-26.340248843712562,482900
-1.493181947983401,9.755326900920299,482910
-14.62339756851065,8.432931026461281,483000
-12.04044279996948,7.733482911623212,483050
-1.8465542780353355,11.268552301023732,483060
1.3600369221599984,17.22128605364207,483070
6.567859517160594,4.473115861135781,483100
-14.518060270283302,-5.184633976426187,483200
-0.3070182537548629,-2.3436142843618715,483205
-14.324898511065912,-5.067146663508902,483250
-8.152320509977365,-9.857920617233617,483310
-2.966084827329291,-21.681200166117865,483355
-3.1468536025387337,-21.05053847927367,483365
-3.042839741596585,-22.198811223094218,483375
6.597334234305062,-19.59714260513093,483400
7.28319797486159,-21.22210186685026,483600
2.321809726726283,-25.57150353331051,483650
2.2987044746413567,-22.442346444556026,483700
5.814749180115337,-20.651382475826583,483750
-2.509951729643863,-24.39887097153534,483800
2.612216875911462,-21.04687566871263,483850
1.529859856243071,-6.350651996647017,483860
-4.862406868085823,-26.91253237998417,483900
3.777129585231525,-18.08134461288452,483970
-10.225162317594073,-17.88311680426197,484020
-10.94538134613078,-21.8144859118853,484025
-15.234451087310532,-15.162031633278422,484026
-9.458557617330978,-10.102923175614631,484040
18.51195423521896,-4.317516489585446,484050
15.684741844277733,-5.532770465208813,484100
1.62122857759933,-19.713560497578516,484150
-3.081178543761307,7.831454528593523,484400
0.21220618736944166,1.1114124219319563,484650
14.487384928958528,-11.744391246148128,484750
4.217076893212548,-2.7676060510865197,484800
14.71314466595079,-0.8462569734224935,484860
-4.63213065580729,2.805243133962047,484871
0.05447380203408789,10.894049657817748,484872
-10.16753343199389,8.4538732546872275,484873
-3.7707274670063375,-5.603587753745507,484874
-15.519425391887081,-13.6699680870862,484875
28.32857788192285,-6.473084786749341,484890
12.114604821904434,-6.771170994319581,484895
-16.480660725453344,6.664218115490401,489791
-16.440804458611403,6.561107521039448,489792
-16.213164748704646,5.885920699230153,489793
3.5202502271214553,-17.050239335983967,489794
3.598590975079194,-16.984659401043185,489796
3.592886707364675,-17.03634790306603,489798
-25.858595433714925,-0.1864855644359935,489799
18.656092057570742,-6.9594712833232215,489801
22.08257270734208,-16.257596556766195,489805
2.3216653171219646,-24.673391821816523,489808
3.7845487379274854,-18.043841305849224,489812
-6.269242153659809,29.546589722854833,489813
-6.260553482337126,29.534035295694196,489814
20.91537479840002,-5.40441510383818,489816
-0.5379495304250527,13.030258420880687,489819
-8.73413867563832,-19.87043118070269,489822
20.362854219127875,-16.7667127571264,489825
-13.176267076980478,-15.39151243447753,489829
-26.16601466958925,8.413111377218984,489832
-32.55168466466057,-3.2179466785424267,489834
-25.823615202617095,-0.21139042733902494,489920
18.330650747023697,7.198562423795745,489980
21.382944971994192,2.9182863204482437,489984
-32.86948805694708,-2.873996542235577,489987
-12.888071264155883,-15.131923470300185,489995
12.807909366817295,17.9501835018644,751200
16.388478902620317,1.5486576697117829,751201
12.341153608661097,17.261853906941734,751203
12.347114399698127,19.05485086310457,751204
13.104052607529894,18.294375973783787,751206
12.626839447876215,17.920237158788137,751207
11.728131460144168,16.475245840528807,751208
12.812335583083856,18.760043996617384,751211
12.461336300776013,15.784678983634388,751212
12.127947446133167,16.71331437364349,751213
12.798530547963658,17.842920787889504,751215
11.545811746890108,18.025939460166505,751216
13.321865061793043,18.579296223875865,751217
12.76823625723664,17.316794391985706,751219
12.23342116572169,17.11073087546666,751222
1.340984300871501,7.568648658623572,751227
1.3198081022345198,7.612681012330723,751228
17.1853382254824,1.5567197794700074,751229
-6.677483884796769,25.8435671856039,751231
4.153860182012916,6.248829937502192,751232
-3.702777963492796,19.507209421732075,751234
0.14603934979840463,13.621039702811634,751237
11.933770912196035,18.0378766884584,751251
-4.386893439435758,18.451099511842965,751254
0.09443350611676901,13.470072133960871,751256
-9.840231644714866,-10.662596658497378,751257
-25.585180256020205,-2.733778973945823,751258
-11.830124560019023,7.579064754481283,751259
-2.4568811000301687,12.095768459725381,751275
-2.72713279609863,12.120560963377557,751276
-2.572334315588713,11.189809017486962,751277
-7.096246478754544,20.415016110640025,751278
-4.882101270471696,22.420911317431408,751279
-1.106854328925892,26.11184883615074,751280
-7.466696144932091,29.483513624183924,751281
-10.196215072352453,26.208314290449202,751282
-5.5185766898520985,29.703226320072982,751284
2.970051858971757,-3.155496317590303,751285
18.843045330730646,-12.604053579150225,751286
20.32648933796536,-11.633005343696889,751287
20.29376532865303,-11.763933341516596,751288
12.79486616944447,-12.162485219040917,751289
15.435788160936234,-11.854293169395564,751290
-13.973109191889245,-13.021472890229926,751292
17.605683569392138,-4.940715158078182,751293
-11.862076877420042,-14.38227299755112,751294
11.357454627251617,1.6221397547317136,751295
-5.502898795874892,30.25002641715176,751296
24.405889009814135,-1.2699876094363332,751297
4.4707451143160055,-16.148745593642467,751298
4.518755224280846,-16.136421905517327,751299
13.733633057551,0.6740647772168115,751302
16.565940720095067,1.2231696167330244,751306
4.464525031605612,-16.132961299081025,751308
17.080255514610748,1.73063153689512,751310
-7.953760938142402,-25.78771997035494,751312
4.376409983916257,6.7893206005905675,751313
19.071475215354837,-6.172699980824351,751315
19.033569281260046,-6.244734788308515,751316
9.620323720362906,-16.97859256555738,751317
7.296815191494265,-5.620432746408953,751318
-0.14607001999771513,13.694547747645343,751319
-0.15565294924059944,13.654058776029888,751322
2.9158549301182672,15.133451641756057,751323
13.783467309475402,18.66116511079569,751327
18.859185030369495,2.6981711816790535,751328
18.84359556319419,2.1456726728472164,751350
-4.329724957884178,18.403365559471453,751351
-9.633346653861912,-12.918476290070124,751353
11.979296860407324,1.7941429303174103,751354
3.0759240823203235,11.845366679190043,751355
-8.997679894757857,19.151827081285596,751357
-9.711734671103931,-2.517217751765681,751402
19.74272958638193,1.9423265487883519,751501
-6.725348948320195,25.81594442991567,751503
-7.117489127356265,26.546791567825004,751504
11.907402467427731,2.7447065287830714,751505
-6.483896557777333,24.81066304332464,751506
-6.6687864484346315,24.55216525586824,751507
-21.021115180909447,-1.2601850249385746,751609
-8.714211287083568,-1.2416795887897802,751610
-9.044213918652234,-1.2048282697521746,751623
-8.937313826498062,-1.352108367221729,751624
-20.002811266300448,-5.766168594970846,751625
19.00319252988282,2.2601549037596493,751660
-3.693307162087381,19.49277493040837,751661
-9.630293537983674,-13.064987177537981,751663
-6.712860868523252,21.86821729457831,751664
-18.249292921581326,-3.9083303422845144,751665
12.23029015568001,1.7840331352583256,751666
-10.857727709605546,-2.4918403376301614,751701
3.9620530872553883,-16.047679969933967,751755
11.690452306570037,-6.984758616384126,751760
11.747561630355712,-7.144875242359532,751761
18.21003992330087,1.800632933163269,751801
17.762000939787264,1.6548087891536902,751803
-18.541544675053622,-8.06690424487392,751805
18.722157871458663,2.600799844860639,753101
-6.951616932092523,20.628432058914424,753110
24.882297226826328,-3.067583281380453,753115
11.267652815060751,1.6398477766698099,753121
19.144999852643025,6.519955951391356,753140
4.522630994030071,-16.095813081171862,753200
3.290711862720947,-2.568764048115739,753220
22.903513111331122,-12.953802223636279,753225
4.271098560951083,-17.33592610706435,753230
-7.99709934870333,-25.858867736772744,753240
3.530768380994711,12.357788148475272,753670
-11.031056413537051,-2.4194387503606083,754100
-21.774279627254423,7.9524622017289985,754130
1.3131757560067263,-0.6057586214302368,754300
1.2776385627471132,-0.6057485399867311,754310
-11.580079178524791,7.238838914657356,754500
-23.460804269045546,7.438303127707887,754550
-0.5100475641966794,26.602527488911957,754601
-7.510705587724131,29.545722513191468,754603
-10.24862615798811,26.19296505611583,754605
-10.242786235986141,26.185014892957916,754607
-7.13666812633126,23.406718834732338,754700
-5.475515130221862,30.26627087589428,754820
-5.493818821412245,29.686690626878352,754825
2.5759449988619165,-10.647599574531851,755100
18.88561990310838,-12.492800463820426,755101
20.25128441782689,-11.705116272090587,755102
-8.274835647384508,-10.029511694134653,755103
12.749875566831655,-12.179806654097172,755111
15.413872394249935,-11.821060895092403,755112
-14.040258570134808,-13.008937161159759,755250
17.63500714405357,-4.960720381362872,755255
-4.355510274999288,-4.873971808427508,755290
19.109356807370812,-6.01078956882099,755300
19.131628971023694,-6.145244050751896,755305
7.288412418793351,-5.61908579018191,755340
-21.58288042634353,-1.4320671797966147,755601
-9.485196322759268,0.24663637637562622,755609
-10.023688791156541,-1.2657185881747322,755610
-10.664944684671923,-1.1942295194883765,755611
3.2718664392286887,-1.762316682982152,755613
-9.995486433941227,-1.265645766204245,755616
-10.04429672173773,-1.250993683926891,755622
-9.759400347594111,-0.9646323094513749,755624
13.802356626386713,18.646760119985654,756100
2.966851042906874,7.459275672012334,756503
-14.527506153290828,-5.187961226327209,756511
3.6599500364445685,-1.3846076452687583,756512
-17.973287338560397,6.8460382174744545,756522
7.509088745966615,-21.814383266689617,757111
-4.7968742133964435,-21.371608171211182,757500
-11.200324520629906,-20.347952001215962,757601
-18.66212394433708,-8.2334598994624,757602
-11.842587268367168,-8.311803084864534,757603
-11.107933937469053,-22.499999902273526,757604
-0.02260215447359243,-3.851164793496684,757608
0.39010132907501527,-3.6836185241801993,757609
-6.455506959681181,-26.206005980625836,757611
-11.202748126138408,-17.11736189449887,757612
-11.353538739527847,-20.164673771075407,757621
-11.557325326395583,-18.22555578178139,757627
-8.05525184631194,-25.859665840697474,757630
-8.157110411854184,-25.921526262893497,757631
-11.569150888571583,-22.237784237642234,757633
-21.79359150616601,-7.057186107606997,757636
-18.62196497494837,-8.193440601369288,757637
-0.2586355385451496,-15.426503085621718,757642
-0.19467762283994136,-15.420969226322276,757643
1.6892825226228159,-27.086106234809506,757645
2.0518780202447524,-26.002461249368434,757647
9.577563315135,-17.029441374797823,757650
-10.050399287080971,-16.720313781579378,757660
-18.41557406647873,-8.444454523019612,757661
-18.660150012989625,-8.202173938175878,757662
-11.919775729309531,-14.341790620257774,757700
26.70951479164124,11.36317110791285,758001
1.6696362806556897,9.880396582378403,758031
-18.743305718786935,-4.358427604292472,758051
-18.829628824599013,-4.401892235776303,758053
-15.509980933675212,9.096396998263925,758061
-1.8976892681063096,-18.674998534991477,758086
-11.014083693168446,-17.540041380555586,758101
-10.925110169027446,-17.689172843393475,758106
26.42172379001093,11.37829853018219,758113
-15.787171380292191,9.166959016363709,759010
1.777848055495011,9.913996316159606,759030
-11.539218166854546,-17.858392902661688,759040
-19.390661085322037,-5.468660259553074,759050
24.262882178721803,3.74169716370785,759560
18.511266489069268,-6.054844466526003,759610
-11.451840269196108,-18.193954339782785,759615
-2.1342091627413473,-18.729060662503557,759620
-19.390705608054322,-5.468524440332044,759630
-9.149978735660966,2.2351423117682114,513100
-16.763952933192225,16.1846885835748,513105
-7.0462029457820226,0.9922341525635272,513110
-7.045438450830463,0.9733416079099044,513111
-8.989354536694284,2.0266502924056082,513115
-8.896002348820767,1.767032731618205,513120
5.833608159668376,1.2244490508283754,513200
5.507092202380431,-1.328123558904385,513201
3.5525889882499655,-0.6192072470282258,513205
5.2373466894596294,0.3265516510788799,513210
3.686270879587424,0.8020156264096521,513211
5.641581395518247,-0.31230151210365525,513215
5.751140254594633,-0.032924757626588794,513220
4.2297143369630765,-0.8961897116032548,513222
4.9018231886270485,-0.09830391382189681,513225
5.810500864854739,8.925574508259473,513230
14.578832664439455,-11.829317494616843,513240
14.282488354128096,-0.32404782723458725,513245
14.195930638359787,-9.412656946540439,513250
7.0640489570653395,-1.4258555108355588,513266
6.754494783586325,-1.4641668503728262,513267
4.516077719859812,-2.2692391838571706,513270
4.780769287541786,-2.0704138780749615,513275
4.214114260986629,-0.43373232014848667,513290
4.076181018024141,-0.9997088226620676,513295
5.691719901856463,1.1998550414196896,513300
5.527771743575637,0.9359195492877548,513305
4.30235705513647,-1.1821239270148278,513310
9.458385248661294,3.5996915226458057,513400
9.504541720265227,3.7535009713410927,513405
9.537692051800152,3.749042870683712,513406
9.865793986369026,4.463616870690477,513410
9.801227865584773,4.441504984887929,513415
9.525282835830566,3.5639842086513234,513416
6.377046243646374,2.0175080856084384,513500
-10.814927822321307,-3.4872225962052794,513505
-10.810458264466707,-3.488766783455213,513510
-10.811964046890157,-3.5292630381769987,513515
-10.893191270951261,-3.834006870402598,513520
-20.90867587706553,-2.745831171628147,513525
-20.68740148574991,-3.5631128951815785,513530
-23.437486043613596,-6.846905088485637,513535
-21.13229105368475,-2.4142034665917103,513540
-20.56605924590035,-1.765527563555506,513545
-23.61688940900749,-2.743114348359152,513550
-20.94232988043187,-2.298157312705337,513555
-20.51382223273691,-2.1560095316134977,513560
-20.361918898330046,-1.7150962900778903,513565
-22.113139707164585,1.9167727249834594,513570
-22.84144754926809,-2.932360711983716,513571
-22.67991514127309,-3.013472456554143,513575
-22.70189066954014,-3.0261340892060966,513580
29.314209545642285,13.34906381907549,513585
-22.68623309485216,-3.0111696201414704,513590
-22.721213405833897,-2.990848149426963,513595
8.845528167476509,-2.3819881304713046,513600
8.801154788099216,-2.3300093203584464,513605
6.1916572220677075,1.7757772356640786,513610
-3.278753166558823,-20.81292533820372,513620
6.2193441186229235,1.638429386900507,513625
7.192635232843359,0.15118600953099148,513626
0.5347009096438992,-14.8865578326926,513630
2.0869125935513715,-22.273732351288487,513635
2.0250515146022336,-20.611167601865986,513640
1.6538690736153359,-20.239780217154145,513645
4.238845926606694,-24.009808616125127,513700
4.745955296003457,-3.1694396423932325,513705
5.219402344605981,-0.5825533467710778,513715
7.685249053461695,-20.74902555771416,513735
7.614884816098885,-20.184744497906042,513740
7.620868302286788,-20.13271801513537,513745
7.651126161848683,-20.070057232330946,513750
-0.8907520270340653,-5.967210349331358,513761
-0.850906595811852,-5.942470574689238,513765
13.020433377576579,15.842708592012746,513805
13.3040729977178,16.20863853201279,513810
13.17199190260462,16.08175493743316,513815
11.823316980180547,16.371846960508215,513820
13.185929698026635,16.042088624737396,513825
4.9518531511005595,-0.9856732160456443,513900
4.814426785805003,-1.4192118190140341,513901
7.116000100718645,1.7492942124157116,513905
6.691020576242368,1.231014375427949,513906
5.811248612115446,1.4628927433334848,513910
3.1652023579138038,-2.248558148945322,513911
5.365048729799686,-1.3231123812534182,513912
6.248276037605296,0.3832031223475398,513915
5.594284481374377,-1.0531194337372973,513916
6.207757717727766,0.30561002823593725,513920
6.396383433799548,-0.32887059726880624,513925
5.319632325324195,1.989919221984679,513930
-8.829802687283765,-20.958936299052507,513935
6.131644770307118,-2.9948078171843493,513940
6.373973679688427,-3.001367168980743,513945
0.3138102021125022,12.497121016341197,513950
6.438185015306479,-0.40769509670884385,513960
6.023326167594999,-3.703580527456285,513961
-1.7833565064363353,-2.769500707344005,513962
6.229252428398294,-2.611313462871659,513965
-4.985016750589238,-23.0076838413635,513970
-7.472692443065751,29.1925905168818,600006
-22.538716083721326,10.337891313098952,600007
-7.063455464116346,22.573283184559056,600013
-7.705474915806463,24.91730177099703,600018
-7.149271792956667,17.57868194901589,600023
1.0520466971185036,7.425051038682471,600024
-3.1900814387591803,3.165847888990533,600028
0.032974764883744845,26.892147097406824,600033
-17.614308484608774,18.678969346045463,600035
19.086561597253183,-10.817836299333678,600050
19.23273778880377,-10.904780918969541,600052
19.178033708698027,-10.924220765261266,600053
0.5169090830146438,26.965761321899773,600060
0.8752257448768522,26.959215559137874,600061
0.8319578250338628,26.96460984575054,600062
-14.312531448369642,10.381189094957103,600063
18.13133492038608,-10.072263522647631,600064
18.128106448092556,-10.016748377258118,600065
18.15230549969812,-10.064613581266151,600066
13.172355637167398,12.423782038179796,600070
4.161082324994355,0.35564911283430173,601010
-0.1894105814533127,15.204828080513689,601030
-3.8727184264723196,5.5684536993742855,601065
5.229191003909643,7.759593846756927,601090
-12.120213526118805,12.015258126441037,602010
-13.070897324792277,-13.396256511793686,602020
-30.48094010824102,-4.5465039188394805,602025
6.039469300528212,13.683623416268412,602033
-14.300707963880106,18.14762638211266,602040
-14.080632068217094,14.110767751563857,602050
-12.815554220866314,13.608474216091668,602060
-15.681756558191713,17.64486866912235,602070
3.1559347932976283,-1.8517864432049003,603005
-7.856357879341343,-1.571148761403942,603035
-8.135800412862162,-1.476189275011209,603040
-22.23581687713106,9.547614985317338,603045
-22.14205045056028,0.7347092251265542,603055
-18.391253276307697,7.273978477583542,603060
-10.975710341759587,0.6081924263169433,603065
-25.258351266964898,-8.987396589986034,603070
-14.638068799471048,8.743014892575092,603085
-25.81177956239929,-0.10231777763328691,603105
-23.14235602749162,1.1232691748483516,603115
-23.681547312068453,1.524963303715082,603120
-12.994349270709153,-8.506231768812079,603130
-25.589547560832717,0.02865638699251685,603141
-19.952544416391795,10.462890215356287,603200
-12.429834364535955,8.044538462013954,603210
-11.501203229377047,8.222727765164498,603215
-0.22436027574409492,14.752713805973453,603220
-11.178159987821346,7.17561271820407,603221
-20.205601692988683,16.024827793322057,603225
-19.497672247437052,9.701749229218915,603230
-19.66948815671195,9.834181478485968,603231
-12.043907293235698,4.739804358628669,603235
-16.181367441911966,11.252080606671525,603236
13.876943825101572,17.977806211243866,604000
2.349046613858218,-13.213342428303767,606020
0.2734257038873219,-10.968479135393506,606030
8.60245564841142,-14.84976124924306,606050
1.0048354387832314,-3.452826539139958,607001
-9.763080805495834,-8.19181837765323,607003
-11.157746985901017,-8.954405046386498,607005
-20.955290865966624,-7.677240857787559,607007
-13.937691834487595,-7.887709786040455,607009
-15.544853733494174,-16.344273856306668,607011
-6.015935274342851,-25.432863765574147,607015
11.71276325841956,12.878525648122752,607020
-16.02528731581108,-16.305697889238846,607033
-15.554878758993858,-16.441060213715147,607035
-11.363941988417645,-26.417305015665665,607045
-5.652628229032458,-25.16095252921223,607050
-4.465456527426791,-24.4092411224474,607051
-3.5326973026206763,-20.54748067865695,607070
-15.919373328734997,4.488823478056816,607081
-4.640001679931783,21.38497018601907,609001
0.7490136267096292,14.120300250666915,609010
11.983665291137516,17.934380276926372,609015
-19.715634762456737,10.394064086225866,609020
15.617365632552236,6.999730473953061,609032
-19.65651057614634,-2.301291467023785,609050
-10.29433719066178,-9.127213824198252,609060
-2.4118128988033547,-23.57953130123993,609065
11.944435327459807,14.444602363675495,609068
-11.980085691712926,4.739534195972521,609167
-10.163524069219461,-9.177731937671606,609170
-3.8798415403346427,-24.06523038232922,609175
-10.506086132896332,-11.031589380630033,609176
-11.906154400744956,4.730363983138582,609231
-16.1372889573887,11.322418727622507,609232
-10.076674400166096,6.349016787377414,609350
-18.858673492203177,-3.71949360994001,609360
-6.356588142649867,7.552163125293157,609495
-12.120213526118249,12.01525812638195,609556
-15.892288015949854,4.668793767215731,609601
-4.392216847746718,4.995309628219438,609611
9.133445884704038,-14.947117324843823,609612
10.559439970622229,-15.441535412203251,609613
-5.3260601173079865,-8.221298872099728,609800
-4.022444180509997,5.808761173655293,609801
-5.353329475429334,-8.35887695655747,609802
-5.508536540169659,-8.661811595241696,609803
5.645491352613361,8.485670706528527,609804
18.283109358557198,0.18754847313445674,720100
19.448397462624,6.197145439827598,720106
18.189247238924594,0.5993627028934232,720108
13.436634080303167,-0.566843463988903,720114
-5.695858304439527,20.937654082350054,720120
-15.826051065848816,17.89158452044532,720124
-8.066128295915787,31.068859128642988,720126
-31.403880084895533,-5.89967910885107,720133
-8.337206486146949,-1.1822449119443308,720136
-21.746377291904473,8.661489460750989,720141
-21.097624306288616,10.66175601311889,720144
-21.13432632871352,10.695793812185714,720150
25.617142955219247,17.811237066206804,720151
19.413462389536797,5.733706963841502,720160
28.439840284117544,-5.456026323680697,720191
11.314363600256648,-6.859218674537007,720194
-6.832753888085147,-23.67801873350745,720233
-9.225101185814324,-18.947165324897348,720252
20.400957072294858,5.571166754797253,720527
27.927583489315893,12.55166277717278,720600
25.21688480519599,22.452976126407997,720610
-5.695858304439524,20.937654082350097,720700
-0.7902860373701748,15.17879198623459,720711
-15.909943609275679,17.995179348714263,720715
-0.6238352735019751,0.546778793702511,720718
-8.067965605976164,31.097799061893532,720720
-7.173525208624143,28.964464614854876,720728
-6.255406673930874,23.0382320648415,720730
28.125651591197293,19.158428862076267,720731
27.96427737621753,19.26494251825783,720732
27.09297447590441,20.238361055393682,720733
28.116646653262837,19.255389129078413,720734
0.0984320664676326,4.314772057294682,721005
6.649045500341257,14.154254505021452,721045
1.9360884707105297,3.4212937084302277,721070
-6.260461562684934,1.0238702919282117,722470
-21.28746947289592,-2.361273432497732,722494
10.27807475634321,-1.8309984608457401,722498
-27.176490771514622,-3.850003239787394,722503
-30.392897709409723,-5.692742970272623,722504
-25.183468415448527,-0.6762800356970462,722505
-24.924257236676098,0.7231335811995663,722507
-23.47468559162866,-2.4819951011230823,722509
10.204379909623466,-1.8369244042369,722510
-30.924735748704574,-3.175222966023408,722514
-31.54748041071282,-5.78576703559329,722519
-15.367313536651475,14.595549120062183,722520
-14.977968021981287,14.095307571332095,722530
-12.341845102464092,12.123828274921657,722547
-20.217491691783824,0.6168548606124398,722561
-22.62731010474105,-6.991571744891175,722562
-25.34665503469524,-9.379996316554813,722563
3.962224164324977,-6.745589234934465,723500
2.9427128112698644,-6.197335543542197,723504
0.7310313107634149,-14.046697247083658,723506
6.1293672515427895,-13.031209430433224,723555
6.137247890878585,-21.40650183107943,723557
3.869456390317524,-21.590114951675275,723560
3.3882449631645994,-21.20081543561077,723565
3.0239008110796304,-19.745347721930553,723566
-0.42792911271298995,-8.761382067491567,723567
-1.6076301080716482,-24.637667782525124,723570
-17.583453536274742,6.877688403406804,723980
-21.9752990328068,8.88770772932393,724000
-20.42189152251565,12.549912691723836,724008
-20.417621139663726,12.506855976411186,724012
-16.922534165827447,7.913690299584521,724025
26.010446147406196,17.63054599124737,724100
25.764738990089786,17.93468193553542,724105
25.79621043557815,19.292684027455994,724120
-15.773866275575461,4.903350926555312,724150
19.507782714973434,5.668313513748041,724505
26.224770081766394,12.386601343498967,724518
25.20296194857252,22.46790327339493,724522
26.17572766883231,12.273520332597956,724525
6.918553194011675,4.800980738289403,725048
6.717935488374848,-22.0674622511564,726550
6.867159380022653,-23.614253104682494,726570
15.448656688384492,13.294868497009501,727040
15.445445920076871,13.272345502163807,727047
-18.411233356393225,10.176553989546004,727052
19.223791421799035,-6.608192764505885,727597
4.468597406436974,-4.867834686710377,727608
18.83698532189121,-5.375407883136631,727610
-12.699199682859758,-12.814308376351136,727628
-3.1776658201869186,6.176086064584867,727748
-1.570577987781031,5.978632411208925,727750
-7.6738394643706584,-23.98747280338212,728011
24.621778949260623,23.532893259956513,728100
24.60716819692854,23.55682258288583,728110
24.624627719663152,23.52526853938207,728115
-9.215570519914534,-18.999202876124585,728167
-15.499319578114243,-14.300081032856014,728175
11.73633752026819,13.04799568691314,728178
18.653976144997678,0.5706620748641437,728994
17.901925944979293,0.5101789670257079,729000
16.716644737734413,0.5449125723160563,729011
-15.871691174702361,18.01870907772518,729026
14.494174474784781,-10.862914559133651,729027
21.96119020105743,-15.935458760079653,729029
16.806287830042837,-10.495262872487332,729032
3.1219916291782903,-5.8021077493034765,729033
8.258910673306897,-15.183957538496918,729034
22.891751173492878,-13.60899327575284,729050
-8.342911367899726,-10.551394932667234,729058
11.995800572912861,-2.0897705910181323,729392
-30.86514038765269,-3.2366129444779568,729412
7.746505507079034,-2.8014076712254994,729416
-7.832596782057643,17.749524511416443,729426
-31.25344569962637,-6.5842342036184744,729435
-11.224536964328658,13.151813825097207,729443
7.863507871691551,-2.656758673400834,729449
4.079663083783636,-6.873788060262582,729453
13.747570806056775,-18.030854683815093,729454
25.554503493344967,18.235646871278593,729458
28.185895824048444,11.089241094335549,729468
25.80378718348053,11.231542206449651,729475
